student_id,gender,race/ethnicity,parental_level_of_education,lunch,test_preparation_course,math_score,reading_score,writing_score,exam_result
id-0,female,group B,bachelor's degree,standard,,72,72,74,1
id-1,female,group C,some college,standard,completed,69,90,88,1
id-2,female,group B,master's degree,standard,,90,95,93,1
id-3,male,group A,associate's degree,free/reduced,,47,57,44,1
id-4,male,group C,some college,standard,,76,78,75,1
id-5,female,group B,associate's degree,standard,,71,83,78,1
id-6,female,group B,some college,standard,completed,88,95,92,1
id-7,male,group B,some college,free/reduced,,40,43,39,1
id-8,male,group D,high school,free/reduced,completed,64,64,67,0
id-9,female,group B,high school,free/reduced,,38,60,50,1
id-10,male,group C,associate's degree,standard,,58,54,52,1
id-11,male,group D,associate's degree,standard,,40,52,43,0
id-12,female,group B,high school,standard,,65,81,73,1
id-13,male,group A,some college,standard,completed,78,72,70,1
id-14,female,group A,master's degree,standard,,50,53,58,0
id-15,female,group C,some high school,standard,,69,75,78,1
id-16,male,group C,high school,standard,,88,89,86,1
id-17,female,group B,some high school,free/reduced,,18,32,28,1
id-18,male,group C,master's degree,free/reduced,completed,46,42,46,0
id-19,female,group C,associate's degree,free/reduced,,54,58,61,1
id-20,male,group D,high school,standard,,66,69,63,1
id-21,female,group B,some college,free/reduced,completed,65,75,70,1
id-22,male,group D,some college,standard,,44,54,53,0
id-23,female,group C,some high school,standard,,69,73,73,0
id-24,male,group D,bachelor's degree,free/reduced,completed,74,71,80,1
id-25,male,group A,master's degree,free/reduced,,73,74,72,0
id-26,male,group B,some college,standard,,69,54,55,1
id-27,female,group C,bachelor's degree,standard,,67,69,75,0
id-28,male,group C,high school,standard,,70,70,65,1
id-29,female,group D,master's degree,standard,,62,70,75,1
id-30,female,group D,some college,standard,,69,74,74,1
id-31,female,group B,some college,standard,,63,65,61,1
id-32,female,group E,master's degree,free/reduced,,56,72,65,1
id-33,male,group D,some college,standard,,40,42,38,1
id-34,male,group E,some college,standard,,97,87,82,1
id-35,male,group E,associate's degree,standard,completed,81,81,79,1
id-36,female,group D,associate's degree,standard,,74,81,83,1
id-37,female,group D,some high school,free/reduced,,50,64,59,1
id-38,female,group D,associate's degree,free/reduced,completed,75,90,88,0
id-39,male,group B,associate's degree,free/reduced,,57,56,57,1
id-40,male,group C,associate's degree,free/reduced,,55,61,54,1
id-41,female,group C,associate's degree,standard,,58,73,68,0
id-42,female,group B,associate's degree,standard,,53,58,65,1
id-43,male,group B,some college,free/reduced,completed,59,65,66,1
id-44,female,group E,associate's degree,free/reduced,,50,56,54,0
id-45,male,group B,associate's degree,standard,,65,54,57,1
id-46,female,group A,associate's degree,standard,completed,55,65,62,1
id-47,female,group C,high school,standard,,66,71,76,1
id-48,female,group D,associate's degree,free/reduced,completed,57,74,76,0
id-49,male,group C,high school,standard,completed,82,84,82,1
id-50,male,group E,some college,standard,,53,55,48,1
id-51,male,group E,associate's degree,free/reduced,completed,77,69,68,0
id-52,male,group C,some college,standard,,53,44,42,1
id-53,male,group D,high school,standard,,88,78,75,0
id-54,female,group C,some high school,free/reduced,completed,71,84,87,0
id-55,female,group C,high school,free/reduced,,33,41,43,1
id-56,female,group E,associate's degree,standard,completed,82,85,86,0
id-57,male,group D,associate's degree,standard,,52,55,49,0
id-58,male,group D,some college,standard,completed,58,59,58,1
id-59,female,group C,some high school,free/reduced,,0,17,10,0
id-60,male,group E,bachelor's degree,free/reduced,completed,79,74,72,1
id-61,male,group A,some high school,free/reduced,,39,39,34,1
id-62,male,group A,associate's degree,free/reduced,,62,61,55,1
id-63,female,group C,associate's degree,standard,,69,80,71,1
id-64,female,group D,some high school,standard,,59,58,59,1
id-65,male,group B,some high school,standard,,67,64,61,1
id-66,male,group D,some high school,free/reduced,,45,37,37,0
id-67,female,group C,some college,standard,,60,72,74,0
id-68,male,group B,associate's degree,free/reduced,,61,58,56,1
id-69,female,group C,associate's degree,standard,,39,64,57,1
id-70,female,group D,some college,free/reduced,completed,58,63,73,1
id-71,male,group D,some college,standard,completed,63,55,63,1
id-72,female,group A,associate's degree,free/reduced,,41,51,48,1
id-73,male,group C,some high school,free/reduced,,61,57,56,0
id-74,male,group C,some high school,standard,,49,49,41,1
id-75,male,group B,associate's degree,free/reduced,,44,41,38,1
id-76,male,group E,some high school,standard,,30,26,22,0
id-77,male,group A,bachelor's degree,standard,completed,80,78,81,1
id-78,female,group D,some high school,standard,completed,61,74,72,0
id-79,female,group E,master's degree,standard,,62,68,68,0
id-80,female,group B,associate's degree,standard,,47,49,50,1
id-81,male,group B,high school,free/reduced,,49,45,45,1
id-82,male,group A,some college,free/reduced,completed,50,47,54,0
id-83,male,group E,associate's degree,standard,,72,64,63,1
id-84,male,group D,high school,free/reduced,,42,39,34,0
id-85,female,group C,some college,standard,,73,80,82,1
id-86,female,group C,some college,free/reduced,,76,83,88,0
id-87,female,group D,associate's degree,standard,,71,71,74,0
id-88,female,group A,some college,standard,,58,70,67,1
id-89,female,group D,some high school,standard,,73,86,82,1
id-90,female,group C,bachelor's degree,standard,,65,72,74,1
id-91,male,group C,high school,free/reduced,,27,34,36,1
id-92,male,group C,high school,standard,,71,79,71,0
id-93,male,group C,associate's degree,free/reduced,completed,43,45,50,1
id-94,female,group B,some college,standard,,79,86,92,1
id-95,male,group C,associate's degree,free/reduced,completed,78,81,82,1
id-96,male,group B,some high school,standard,completed,65,66,62,1
id-97,female,group E,some college,standard,completed,63,72,70,1
id-98,female,group D,some college,free/reduced,,58,67,62,0
id-99,female,group D,bachelor's degree,standard,,65,67,62,1
id-100,male,group B,some college,standard,,79,67,67,0
id-101,male,group D,bachelor's degree,standard,completed,68,74,74,0
id-102,female,group D,associate's degree,standard,,85,91,89,0
id-103,male,group B,high school,standard,completed,60,44,47,1
id-104,male,group C,some college,standard,completed,98,86,90,1
id-105,female,group C,some college,standard,,58,67,72,0
id-106,female,group D,master's degree,standard,,87,100,100,1
id-107,male,group E,associate's degree,standard,completed,66,63,64,0
id-108,female,group B,associate's degree,free/reduced,,52,76,70,1
id-109,female,group B,some high school,standard,,70,64,72,0
id-110,female,group D,associate's degree,free/reduced,completed,77,89,98,1
id-111,male,group C,high school,standard,,62,55,49,1
id-112,male,group A,associate's degree,standard,,54,53,47,1
id-113,female,group D,some college,standard,,51,58,54,1
id-114,female,group E,bachelor's degree,standard,completed,99,100,100,1
id-115,male,group C,high school,standard,,84,77,74,1
id-116,female,group B,bachelor's degree,free/reduced,,75,85,82,1
id-117,female,group D,bachelor's degree,standard,,78,82,79,1
id-118,female,group D,some high school,standard,,51,63,61,1
id-119,female,group C,some college,standard,,55,69,65,1
id-120,female,group C,bachelor's degree,standard,completed,79,92,89,1
id-121,male,group B,associate's degree,standard,completed,91,89,92,0
id-122,female,group C,some college,standard,completed,88,93,93,1
id-123,male,group D,high school,free/reduced,,63,57,56,1
id-124,male,group E,some college,standard,,83,80,73,0
id-125,female,group B,high school,standard,,87,95,86,1
id-126,male,group B,some high school,standard,,72,68,67,1
id-127,male,group D,some college,standard,completed,65,77,74,1
id-128,male,group D,master's degree,standard,,82,82,74,0
id-129,female,group A,bachelor's degree,standard,,51,49,51,1
id-130,male,group D,master's degree,standard,,89,84,82,0
id-131,male,group C,some high school,free/reduced,completed,53,37,40,1
id-132,male,group E,some college,free/reduced,completed,87,74,70,0
id-133,female,group C,some college,standard,completed,75,81,84,1
id-134,male,group D,bachelor's degree,free/reduced,completed,74,79,75,1
id-135,male,group C,bachelor's degree,standard,,58,55,48,1
id-136,male,group B,some high school,standard,completed,51,54,41,1
id-137,male,group E,high school,standard,,70,55,56,0
id-138,female,group C,associate's degree,standard,,59,66,67,1
id-139,male,group D,some college,standard,completed,71,61,69,1
id-140,female,group D,some high school,standard,,76,72,71,0
id-141,female,group C,some college,free/reduced,,59,62,64,0
id-142,female,group E,some college,free/reduced,completed,42,55,54,0
id-143,male,group A,high school,standard,,57,43,47,1
id-144,male,group D,some college,standard,,88,73,78,0
id-145,female,group C,some college,free/reduced,,22,39,33,1
id-146,male,group B,some high school,standard,,88,84,75,0
id-147,male,group C,associate's degree,free/reduced,,73,68,66,1
id-148,female,group D,bachelor's degree,standard,completed,68,75,81,0
id-149,male,group E,associate's degree,free/reduced,completed,100,100,93,0
id-150,male,group A,some high school,standard,completed,62,67,69,1
id-151,male,group A,bachelor's degree,standard,,77,67,68,1
id-152,female,group B,associate's degree,standard,completed,59,70,66,1
id-153,male,group D,bachelor's degree,standard,,54,49,47,1
id-154,male,group D,some high school,standard,,62,67,61,0
id-155,female,group C,some college,standard,completed,70,89,88,1
id-156,female,group E,high school,free/reduced,completed,66,74,78,0
id-157,male,group B,some college,free/reduced,,60,60,60,1
id-158,female,group B,associate's degree,standard,completed,61,86,87,1
id-159,male,group D,associate's degree,free/reduced,,66,62,64,0
id-160,male,group B,associate's degree,free/reduced,completed,82,78,74,0
id-161,female,group E,some college,free/reduced,completed,75,88,85,0
id-162,male,group B,master's degree,free/reduced,,49,53,52,0
id-163,male,group C,high school,standard,,52,53,49,1
id-164,female,group E,master's degree,standard,,81,92,91,1
id-165,female,group C,bachelor's degree,standard,completed,96,100,100,1
id-166,male,group C,high school,free/reduced,completed,53,51,51,1
id-167,female,group B,master's degree,free/reduced,completed,58,76,78,1
id-168,female,group B,high school,standard,completed,68,83,78,1
id-169,female,group C,some college,free/reduced,completed,67,75,70,1
id-170,male,group A,high school,standard,completed,72,73,74,0
id-171,male,group E,some high school,standard,,94,88,78,1
id-172,female,group D,some college,standard,,79,86,81,0
id-173,female,group C,associate's degree,standard,,63,67,70,1
id-174,female,group C,bachelor's degree,free/reduced,completed,43,51,54,0
id-175,female,group C,master's degree,standard,completed,81,91,87,0
id-176,female,group B,high school,free/reduced,completed,46,54,58,0
id-177,female,group C,associate's degree,standard,completed,71,77,77,1
id-178,female,group B,master's degree,free/reduced,completed,52,70,62,1
id-179,female,group D,some high school,standard,completed,97,100,100,0
id-180,male,group C,master's degree,free/reduced,completed,62,68,75,0
id-181,female,group C,some college,free/reduced,,46,64,66,1
id-182,female,group E,high school,standard,,50,50,47,0
id-183,female,group D,associate's degree,standard,,65,69,70,1
id-184,male,group C,some high school,free/reduced,completed,45,52,49,0
id-185,male,group C,associate's degree,free/reduced,completed,65,67,65,1
id-186,male,group E,high school,standard,,80,76,65,0
id-187,male,group D,some high school,standard,completed,62,66,68,0
id-188,male,group B,some high school,free/reduced,,48,52,45,1
id-189,female,group C,bachelor's degree,standard,,77,88,87,1
id-190,female,group E,associate's degree,standard,,66,65,69,1
id-191,male,group D,some college,standard,completed,76,83,79,1
id-192,female,group B,some high school,standard,,62,64,66,1
id-193,male,group D,some college,standard,completed,77,62,62,1
id-194,female,group C,master's degree,standard,completed,69,84,85,0
id-195,male,group D,associate's degree,standard,,61,55,52,1
id-196,male,group C,some high school,free/reduced,completed,59,69,65,1
id-197,male,group E,high school,free/reduced,,55,56,51,1
id-198,female,group B,some college,free/reduced,,45,53,55,0
id-199,female,group B,bachelor's degree,free/reduced,,78,79,76,0
id-200,female,group C,associate's degree,standard,completed,67,84,86,1
id-201,female,group D,some college,free/reduced,,65,81,77,1
id-202,male,group C,associate's degree,standard,,69,77,69,0
id-203,female,group B,associate's degree,standard,,57,69,68,1
id-204,male,group C,some college,standard,,59,41,42,1
id-205,male,group D,some high school,standard,completed,74,71,78,1
id-206,male,group E,bachelor's degree,standard,,82,62,62,1
id-207,male,group E,high school,standard,completed,81,80,76,0
id-208,female,group B,some college,free/reduced,,74,81,76,1
id-209,female,group B,some college,free/reduced,,58,61,66,1
id-210,male,group D,some high school,free/reduced,completed,80,79,79,0
id-211,male,group C,some college,free/reduced,,35,28,27,0
id-212,female,group C,high school,free/reduced,,42,62,60,1
id-213,male,group C,associate's degree,free/reduced,completed,60,51,56,1
id-214,male,group E,high school,standard,completed,87,91,81,1
id-215,male,group B,some high school,standard,completed,84,83,75,1
id-216,female,group E,associate's degree,free/reduced,completed,83,86,88,0
id-217,female,group C,high school,free/reduced,,34,42,39,1
id-218,male,group B,high school,free/reduced,,66,77,70,0
id-219,male,group B,some high school,standard,completed,61,56,56,1
id-220,female,group D,high school,standard,completed,56,68,74,0
id-221,male,group B,associate's degree,standard,,87,85,73,1
id-222,female,group C,some high school,free/reduced,,55,65,62,1
id-223,male,group D,some high school,standard,,86,80,75,1
id-224,female,group B,associate's degree,standard,completed,52,66,73,1
id-225,female,group E,master's degree,free/reduced,,45,56,54,1
id-226,female,group C,some college,standard,,72,72,71,0
id-227,male,group D,high school,standard,,57,50,54,0
id-228,male,group A,some high school,free/reduced,,68,72,64,1
id-229,female,group C,some college,standard,completed,88,95,94,1
id-230,male,group D,some college,standard,,76,64,66,0
id-231,male,group C,associate's degree,standard,,46,43,42,0
id-232,female,group B,bachelor's degree,standard,,67,86,83,0
id-233,male,group E,some high school,standard,,92,87,78,1
id-234,male,group C,bachelor's degree,standard,completed,83,82,84,1
id-235,male,group D,associate's degree,standard,,80,75,77,1
id-236,male,group D,bachelor's degree,free/reduced,,63,66,67,0
id-237,female,group D,some high school,standard,completed,64,60,74,0
id-238,male,group B,some college,standard,,54,52,51,1
id-239,male,group C,associate's degree,standard,,84,80,80,0
id-240,male,group D,high school,free/reduced,completed,73,68,66,1
id-241,female,group E,bachelor's degree,standard,,80,83,83,1
id-242,female,group D,high school,standard,,56,52,55,1
id-243,male,group E,some college,standard,,59,51,43,0
id-244,male,group D,some high school,standard,,75,74,69,1
id-245,male,group C,associate's degree,standard,,85,76,71,1
id-246,male,group E,associate's degree,standard,,89,76,74,1
id-247,female,group B,high school,standard,completed,58,70,68,0
id-248,female,group B,high school,standard,,65,64,62,1
id-249,male,group C,high school,standard,,68,60,53,1
id-250,male,group A,some high school,standard,completed,47,49,49,0
id-251,female,group D,some college,free/reduced,,71,83,83,1
id-252,female,group B,some high school,standard,completed,60,70,70,1
id-253,male,group D,master's degree,standard,,80,80,72,1
id-254,male,group D,high school,standard,,54,52,52,0
id-255,female,group E,some college,standard,,62,73,70,1
id-256,female,group C,associate's degree,free/reduced,,64,73,68,1
id-257,male,group C,associate's degree,standard,completed,78,77,77,1
id-258,female,group B,some college,standard,,70,75,78,0
id-259,female,group C,master's degree,free/reduced,completed,65,81,81,1
id-260,female,group C,some high school,free/reduced,completed,64,79,77,1
id-261,male,group C,some college,standard,completed,79,79,78,0
id-262,female,group C,some high school,free/reduced,,44,50,51,1
id-263,female,group E,high school,standard,,99,93,90,1
id-264,male,group D,high school,standard,,76,73,68,1
id-265,male,group D,some high school,free/reduced,,59,42,41,1
id-266,female,group C,bachelor's degree,standard,,63,75,81,0
id-267,female,group D,high school,standard,,69,72,77,0
id-268,female,group D,associate's degree,standard,completed,88,92,95,1
id-269,female,group E,some college,free/reduced,,71,76,70,1
id-270,male,group C,bachelor's degree,standard,,69,63,61,1
id-271,male,group C,some college,standard,,58,49,42,1
id-272,female,group D,associate's degree,free/reduced,,47,53,58,1
id-273,female,group D,some college,standard,,65,70,71,1
id-274,male,group B,some college,standard,completed,88,85,76,1
id-275,male,group C,bachelor's degree,standard,,83,78,73,1
id-276,female,group C,some high school,standard,completed,85,92,93,1
id-277,female,group E,high school,standard,completed,59,63,75,1
id-278,female,group C,some high school,free/reduced,,65,86,80,1
id-279,male,group B,bachelor's degree,free/reduced,,73,56,57,1
id-280,male,group D,high school,standard,,53,52,42,0
id-281,male,group D,high school,standard,,45,48,46,1
id-282,female,group D,bachelor's degree,free/reduced,,73,79,84,1
id-283,female,group D,some college,free/reduced,completed,70,78,78,1
id-284,female,group B,some high school,standard,,37,46,46,1
id-285,male,group B,associate's degree,standard,completed,81,82,82,0
id-286,male,group E,associate's degree,standard,completed,97,82,88,0
id-287,female,group B,some high school,standard,,67,89,82,1
id-288,male,group B,bachelor's degree,free/reduced,,88,75,76,0
id-289,male,group E,some high school,standard,completed,77,76,77,1
id-290,male,group C,associate's degree,standard,,76,70,68,0
id-291,male,group D,some high school,standard,,86,73,70,1
id-292,male,group C,some high school,standard,completed,63,60,57,1
id-293,female,group E,bachelor's degree,standard,,65,73,75,1
id-294,male,group D,high school,free/reduced,completed,78,77,80,1
id-295,male,group B,associate's degree,free/reduced,,67,62,60,1
id-296,male,group A,some high school,standard,completed,46,41,43,0
id-297,male,group E,associate's degree,standard,completed,71,74,68,1
id-298,male,group C,high school,free/reduced,completed,40,46,50,0
id-299,male,group D,associate's degree,free/reduced,,90,87,75,1
id-300,male,group A,some college,free/reduced,completed,81,78,81,1
id-301,male,group D,some high school,free/reduced,,56,54,52,0
id-302,female,group C,associate's degree,standard,completed,67,84,81,1
id-303,male,group B,associate's degree,standard,,80,76,64,1
id-304,female,group C,associate's degree,standard,completed,74,75,83,1
id-305,male,group A,some college,standard,,69,67,69,1
id-306,male,group E,some college,standard,completed,99,87,81,1
id-307,male,group C,some high school,standard,,51,52,44,1
id-308,female,group B,associate's degree,free/reduced,,53,71,67,1
id-309,female,group D,high school,free/reduced,,49,57,52,1
id-310,female,group B,associate's degree,standard,,73,76,80,1
id-311,male,group B,bachelor's degree,standard,,66,60,57,1
id-312,male,group D,bachelor's degree,standard,completed,67,61,68,1
id-313,female,group C,associate's degree,free/reduced,completed,68,67,69,1
id-314,female,group C,bachelor's degree,standard,completed,59,64,75,1
id-315,male,group C,high school,standard,,71,66,65,1
id-316,female,group D,master's degree,standard,completed,77,82,91,1
id-317,male,group C,associate's degree,standard,,83,72,78,1
id-318,male,group B,bachelor's degree,standard,,63,71,69,1
id-319,female,group D,associate's degree,free/reduced,,56,65,63,1
id-320,female,group C,high school,free/reduced,completed,67,79,84,1
id-321,female,group E,high school,standard,,75,86,79,1
id-322,female,group C,some college,standard,,71,81,80,1
id-323,female,group C,some high school,free/reduced,,43,53,53,0
id-324,female,group C,high school,free/reduced,,41,46,43,1
id-325,female,group C,some college,standard,,82,90,94,1
id-326,male,group C,some college,standard,,61,61,62,0
id-327,male,group A,some college,free/reduced,,28,23,19,0
id-328,male,group C,associate's degree,standard,completed,82,75,77,0
id-329,female,group B,some high school,standard,,41,55,51,1
id-330,male,group C,high school,standard,,71,60,61,1
id-331,male,group C,associate's degree,standard,,47,37,35,1
id-332,male,group E,associate's degree,standard,completed,62,56,53,1
id-333,male,group B,associate's degree,standard,,90,78,81,0
id-334,female,group C,bachelor's degree,standard,,83,93,95,1
id-335,female,group B,some college,free/reduced,,61,68,66,0
id-336,male,group D,some high school,standard,completed,76,70,69,1
id-337,male,group C,associate's degree,standard,,49,51,43,1
id-338,female,group B,some high school,free/reduced,,24,38,27,0
id-339,female,group D,some high school,free/reduced,completed,35,55,60,1
id-340,male,group C,high school,free/reduced,,58,61,52,1
id-341,female,group C,high school,standard,,61,73,63,1
id-342,female,group B,high school,standard,completed,69,76,74,1
id-343,male,group D,associate's degree,standard,completed,67,72,67,1
id-344,male,group D,some college,standard,,79,73,67,1
id-345,female,group C,high school,standard,,72,80,75,0
id-346,male,group B,some college,standard,,62,61,57,1
id-347,female,group C,bachelor's degree,standard,completed,77,94,95,1
id-348,male,group D,high school,free/reduced,,75,74,66,0
id-349,male,group E,associate's degree,standard,,87,74,76,0
id-350,female,group B,bachelor's degree,standard,,52,65,69,1
id-351,male,group E,some college,standard,,66,57,52,0
id-352,female,group C,some college,standard,completed,63,78,80,1
id-353,female,group C,associate's degree,standard,,46,58,57,1
id-354,female,group C,some college,standard,,59,71,70,0
id-355,female,group B,bachelor's degree,standard,,61,72,70,1
id-356,male,group A,associate's degree,standard,,63,61,61,0
id-357,female,group C,some college,free/reduced,completed,42,66,69,1
id-358,male,group D,some college,free/reduced,,59,62,61,1
id-359,female,group D,some college,standard,,80,90,89,1
id-360,female,group B,high school,standard,,58,62,59,1
id-361,male,group B,some high school,standard,completed,85,84,78,0
id-362,female,group C,some college,standard,,52,58,58,1
id-363,female,group D,some high school,free/reduced,,27,34,32,0
id-364,male,group C,some college,standard,,59,60,58,1
id-365,male,group A,bachelor's degree,free/reduced,completed,49,58,60,0
id-366,male,group C,high school,standard,completed,69,58,53,0
id-367,male,group C,bachelor's degree,free/reduced,,61,66,61,1
id-368,female,group A,some high school,free/reduced,,44,64,58,1
id-369,female,group D,some high school,standard,,73,84,85,0
id-370,male,group E,some college,standard,,84,77,71,0
id-371,female,group C,some college,free/reduced,completed,45,73,70,0
id-372,male,group D,some high school,standard,,74,74,72,0
id-373,female,group D,some college,standard,completed,82,97,96,1
id-374,female,group D,bachelor's degree,standard,,59,70,73,1
id-375,male,group E,associate's degree,free/reduced,,46,43,41,1
id-376,female,group D,some high school,standard,,80,90,82,0
id-377,female,group D,master's degree,free/reduced,completed,85,95,100,1
id-378,female,group A,some high school,standard,,71,83,77,1
id-379,male,group A,bachelor's degree,standard,,66,64,62,1
id-380,female,group B,associate's degree,standard,,80,86,83,1
id-381,male,group C,associate's degree,standard,completed,87,100,95,1
id-382,male,group C,master's degree,free/reduced,,79,81,71,1
id-383,female,group E,some high school,free/reduced,,38,49,45,0
id-384,female,group A,some high school,free/reduced,,38,43,43,0
id-385,female,group E,some college,standard,,67,76,75,1
id-386,female,group E,bachelor's degree,standard,,64,73,70,1
id-387,female,group C,associate's degree,free/reduced,,57,78,67,1
id-388,female,group D,high school,standard,,62,64,64,1
id-389,male,group D,master's degree,standard,,73,70,75,1
id-390,male,group E,some high school,free/reduced,completed,73,67,59,0
id-391,female,group D,some college,standard,,77,68,77,0
id-392,male,group E,some college,standard,,76,67,67,1
id-393,male,group C,associate's degree,standard,completed,57,54,56,0
id-394,female,group C,some high school,standard,completed,65,74,77,1
id-395,male,group A,high school,free/reduced,,48,45,41,1
id-396,female,group B,high school,free/reduced,,50,67,63,1
id-397,female,group C,associate's degree,standard,,85,89,95,0
id-398,male,group B,some high school,standard,,74,63,57,0
id-399,male,group D,some high school,standard,,60,59,54,0
id-400,female,group C,some high school,standard,completed,59,54,67,1
id-401,male,group A,some college,standard,,53,43,43,1
id-402,female,group A,some college,free/reduced,,49,65,55,1
id-403,female,group D,high school,standard,completed,88,99,100,1
id-404,female,group C,high school,standard,,54,59,62,1
id-405,female,group C,some high school,standard,,63,73,68,1
id-406,male,group B,associate's degree,standard,completed,65,65,63,1
id-407,female,group B,associate's degree,standard,,82,80,77,0
id-408,female,group D,high school,free/reduced,completed,52,57,56,1
id-409,male,group D,associate's degree,standard,completed,87,84,85,1
id-410,female,group D,master's degree,standard,completed,70,71,74,1
id-411,male,group E,some college,standard,completed,84,83,78,0
id-412,male,group D,associate's degree,standard,,71,66,60,1
id-413,male,group B,some high school,standard,completed,63,67,67,1
id-414,female,group C,bachelor's degree,free/reduced,completed,51,72,79,0
id-415,male,group E,high school,standard,,84,73,69,0
id-416,male,group C,bachelor's degree,standard,completed,71,74,68,0
id-417,male,group C,associate's degree,standard,,74,73,67,0
id-418,male,group D,some college,standard,,68,59,62,1
id-419,male,group E,high school,free/reduced,completed,57,56,54,0
id-420,female,group C,associate's degree,free/reduced,completed,82,93,93,1
id-421,female,group D,high school,standard,completed,57,58,64,1
id-422,female,group D,master's degree,free/reduced,completed,47,58,67,0
id-423,female,group A,some high school,standard,completed,59,85,80,1
id-424,male,group B,some college,free/reduced,,41,39,34,1
id-425,female,group C,some college,free/reduced,,62,67,62,0
id-426,male,group C,bachelor's degree,standard,,86,83,86,0
id-427,male,group C,some high school,free/reduced,,69,71,65,0
id-428,male,group A,some high school,free/reduced,,65,59,53,1
id-429,male,group C,some high school,free/reduced,,68,63,54,0
id-430,male,group C,associate's degree,free/reduced,,64,66,59,0
id-431,female,group C,high school,standard,,61,72,70,1
id-432,male,group C,high school,standard,,61,56,55,0
id-433,female,group A,some high school,free/reduced,,47,59,50,1
id-434,male,group C,some high school,standard,,73,66,66,1
id-435,male,group C,some college,free/reduced,completed,50,48,53,0
id-436,male,group D,associate's degree,standard,,75,68,64,0
id-437,male,group D,associate's degree,free/reduced,,75,66,73,1
id-438,male,group C,high school,standard,,70,56,51,1
id-439,male,group D,some high school,standard,completed,89,88,82,1
id-440,female,group C,some college,standard,completed,67,81,79,1
id-441,female,group D,high school,standard,,78,81,80,0
id-442,female,group A,some high school,free/reduced,,59,73,69,1
id-443,female,group B,associate's degree,standard,,73,83,76,0
id-444,male,group A,some high school,free/reduced,,79,82,73,1
id-445,female,group C,some high school,standard,completed,67,74,77,0
id-446,male,group D,some college,free/reduced,,69,66,60,1
id-447,male,group C,high school,standard,completed,86,81,80,1
id-448,male,group B,high school,standard,,47,46,42,0
id-449,male,group B,associate's degree,standard,,81,73,72,0
id-450,female,group C,some college,free/reduced,completed,64,85,85,0
id-451,female,group E,some college,standard,,100,92,97,1
id-452,female,group C,associate's degree,free/reduced,,65,77,74,0
id-453,male,group C,some college,free/reduced,,65,58,49,1
id-454,female,group C,associate's degree,free/reduced,,53,61,62,0
id-455,male,group C,bachelor's degree,free/reduced,,37,56,47,0
id-456,female,group D,bachelor's degree,standard,,79,89,89,1
id-457,male,group D,associate's degree,free/reduced,,53,54,48,1
id-458,female,group E,bachelor's degree,standard,,100,100,100,1
id-459,male,group B,high school,standard,completed,72,65,68,1
id-460,male,group C,bachelor's degree,free/reduced,,53,58,55,1
id-461,male,group B,some college,free/reduced,,54,54,45,1
id-462,female,group E,some college,standard,,71,70,76,1
id-463,female,group C,some college,free/reduced,,77,90,91,0
id-464,male,group A,bachelor's degree,standard,completed,75,58,62,1
id-465,female,group C,some college,standard,,84,87,91,1
id-466,female,group D,associate's degree,free/reduced,,26,31,38,1
id-467,male,group A,high school,free/reduced,completed,72,67,65,1
id-468,female,group A,high school,free/reduced,completed,77,88,85,1
id-469,male,group C,some college,standard,,91,74,76,1
id-470,female,group C,associate's degree,standard,completed,83,85,90,1
id-471,female,group C,high school,standard,,63,69,74,0
id-472,female,group C,associate's degree,standard,completed,68,86,84,1
id-473,female,group D,some high school,standard,,59,67,61,1
id-474,female,group B,associate's degree,standard,completed,90,90,91,0
id-475,female,group D,bachelor's degree,standard,completed,71,76,83,1
id-476,male,group E,bachelor's degree,standard,completed,76,62,66,0
id-477,male,group D,associate's degree,standard,,80,68,72,1
id-478,female,group D,master's degree,standard,,55,64,70,1
id-479,male,group E,associate's degree,standard,,76,71,67,0
id-480,male,group B,high school,standard,completed,73,71,68,0
id-481,female,group D,associate's degree,free/reduced,,52,59,56,1
id-482,male,group C,some college,free/reduced,,68,68,61,1
id-483,male,group A,high school,standard,,59,52,46,1
id-484,female,group B,associate's degree,standard,,49,52,54,0
id-485,male,group C,high school,standard,,70,74,71,0
id-486,male,group D,some college,free/reduced,,61,47,56,0
id-487,female,group C,associate's degree,free/reduced,,60,75,74,1
id-488,male,group B,some high school,standard,completed,64,53,57,1
id-489,male,group A,associate's degree,free/reduced,completed,79,82,82,0
id-490,female,group A,associate's degree,free/reduced,,65,85,76,1
id-491,female,group C,associate's degree,standard,,64,64,70,1
id-492,female,group C,some college,standard,,83,83,90,0
id-493,female,group C,bachelor's degree,standard,,81,88,90,1
id-494,female,group B,high school,standard,,54,64,68,0
id-495,male,group D,high school,standard,completed,68,64,66,1
id-496,female,group C,some college,standard,,54,48,52,1
id-497,female,group D,some college,free/reduced,completed,59,78,76,1
id-498,female,group B,some high school,standard,,66,69,68,1
id-499,male,group E,some college,standard,,76,71,72,1
id-500,female,group D,master's degree,standard,,74,79,82,0
id-501,female,group B,associate's degree,standard,completed,94,87,92,0
id-502,male,group C,some college,free/reduced,,63,61,54,0
id-503,female,group E,associate's degree,standard,completed,95,89,92,0
id-504,female,group D,master's degree,free/reduced,,40,59,54,1
id-505,female,group B,some high school,standard,,82,82,80,1
id-506,male,group A,high school,standard,,68,70,66,0
id-507,male,group B,bachelor's degree,free/reduced,,55,59,54,0
id-508,male,group C,master's degree,standard,,79,78,77,0
id-509,female,group C,bachelor's degree,standard,,86,92,87,1
id-510,male,group D,some college,standard,,76,71,73,0
id-511,male,group A,some high school,standard,,64,50,43,0
id-512,male,group D,some high school,free/reduced,,62,49,52,1
id-513,female,group B,some high school,standard,completed,54,61,62,1
id-514,female,group B,master's degree,free/reduced,completed,77,97,94,1
id-515,female,group C,some high school,standard,completed,76,87,85,0
id-516,female,group D,some college,standard,,74,89,84,1
id-517,female,group E,some college,standard,completed,66,74,73,1
id-518,female,group D,some high school,standard,completed,66,78,78,1
id-519,female,group B,high school,free/reduced,completed,67,78,79,1
id-520,male,group D,some college,standard,,71,49,52,1
id-521,female,group C,associate's degree,standard,,91,86,84,1
id-522,male,group D,bachelor's degree,standard,,69,58,57,1
id-523,male,group C,master's degree,free/reduced,,54,59,50,1
id-524,male,group C,high school,standard,completed,53,52,49,1
id-525,male,group E,some college,standard,,68,60,59,1
id-526,male,group C,some high school,free/reduced,completed,56,61,60,1
id-527,female,group C,high school,free/reduced,,36,53,43,0
id-528,female,group D,bachelor's degree,free/reduced,,29,41,47,1
id-529,female,group C,associate's degree,standard,,62,74,70,1
id-530,female,group C,associate's degree,standard,completed,68,67,73,1
id-531,female,group C,some high school,standard,,47,54,53,1
id-532,male,group E,associate's degree,standard,completed,62,61,58,0
id-533,female,group E,associate's degree,standard,completed,79,88,94,1
id-534,male,group B,high school,standard,completed,73,69,68,1
id-535,female,group C,bachelor's degree,free/reduced,completed,66,83,83,0
id-536,male,group C,associate's degree,standard,completed,51,60,58,1
id-537,female,group D,high school,standard,,51,66,62,0
id-538,male,group E,bachelor's degree,standard,completed,85,66,71,1
id-539,male,group A,associate's degree,standard,completed,97,92,86,1
id-540,male,group C,high school,standard,completed,75,69,68,1
id-541,male,group D,associate's degree,free/reduced,completed,79,82,80,1
id-542,female,group C,associate's degree,standard,,81,77,79,1
id-543,female,group D,associate's degree,standard,,82,95,89,0
id-544,female,group D,master's degree,standard,,64,63,66,1
id-545,male,group E,some high school,free/reduced,completed,78,83,80,1
id-546,female,group A,some high school,standard,completed,92,100,97,1
id-547,male,group C,high school,standard,completed,72,67,64,0
id-548,female,group C,high school,free/reduced,,62,67,64,0
id-549,male,group C,master's degree,standard,,79,72,69,0
id-550,male,group C,some high school,free/reduced,,79,76,65,1
id-551,male,group B,bachelor's degree,free/reduced,completed,87,90,88,0
id-552,female,group B,associate's degree,standard,,40,48,50,1
id-553,male,group D,some college,free/reduced,,77,62,64,1
id-554,male,group E,associate's degree,standard,,53,45,40,1
id-555,female,group C,some college,free/reduced,,32,39,33,0
id-556,female,group C,associate's degree,standard,completed,55,72,79,1
id-557,male,group C,master's degree,free/reduced,,61,67,66,1
id-558,female,group B,associate's degree,free/reduced,,53,70,70,1
id-559,male,group D,some high school,standard,,73,66,62,0
id-560,female,group D,some college,standard,completed,74,75,79,1
id-561,female,group C,some college,standard,,63,74,74,1
id-562,male,group C,bachelor's degree,standard,completed,96,90,92,0
id-563,female,group D,some college,free/reduced,completed,63,80,80,1
id-564,male,group B,bachelor's degree,free/reduced,,48,51,46,0
id-565,male,group B,associate's degree,standard,,48,43,45,1
id-566,female,group E,bachelor's degree,free/reduced,completed,92,100,100,0
id-567,female,group D,master's degree,free/reduced,completed,61,71,78,1
id-568,male,group B,high school,free/reduced,,63,48,47,1
id-569,male,group D,bachelor's degree,free/reduced,,68,68,67,0
id-570,male,group B,some college,standard,completed,71,75,70,0
id-571,male,group A,bachelor's degree,standard,,91,96,92,1
id-572,female,group C,some college,standard,,53,62,56,0
id-573,female,group C,high school,free/reduced,completed,50,66,64,1
id-574,female,group E,high school,standard,,74,81,71,1
id-575,male,group A,associate's degree,free/reduced,completed,40,55,53,1
id-576,male,group A,some college,standard,completed,61,51,52,1
id-577,female,group B,high school,standard,,81,91,89,1
id-578,female,group B,some college,free/reduced,completed,48,56,58,0
id-579,female,group D,master's degree,standard,,53,61,68,1
id-580,female,group D,some high school,standard,,81,97,96,0
id-581,female,group E,some high school,standard,,77,79,80,1
id-582,female,group D,bachelor's degree,free/reduced,,63,73,78,1
id-583,female,group D,associate's degree,standard,completed,73,75,80,0
id-584,female,group D,some college,standard,,69,77,77,1
id-585,female,group C,associate's degree,standard,,65,76,76,0
id-586,female,group A,high school,standard,,55,73,73,1
id-587,female,group C,bachelor's degree,free/reduced,,44,63,62,0
id-588,female,group C,some college,standard,,54,64,65,1
id-589,female,group A,some high school,standard,,48,66,65,1
id-590,male,group C,some college,free/reduced,,58,57,54,1
id-591,male,group A,some high school,standard,,71,62,50,0
id-592,male,group E,bachelor's degree,standard,,68,68,64,1
id-593,female,group E,high school,standard,,74,76,73,1
id-594,female,group C,bachelor's degree,standard,completed,92,100,99,1
id-595,female,group C,bachelor's degree,standard,completed,56,79,72,0
id-596,male,group B,high school,free/reduced,,30,24,15,1
id-597,male,group A,some high school,standard,,53,54,48,0
id-598,female,group D,high school,standard,,69,77,73,0
id-599,female,group D,some high school,standard,,65,82,81,1
id-600,female,group D,master's degree,standard,,54,60,63,0
id-601,female,group C,high school,standard,,29,29,30,1
id-602,female,group E,some college,standard,,76,78,80,0
id-603,male,group D,high school,free/reduced,,60,57,51,1
id-604,male,group D,master's degree,free/reduced,completed,84,89,90,1
id-605,male,group C,some high school,standard,,75,72,62,1
id-606,female,group C,associate's degree,standard,,85,84,82,0
id-607,female,group C,master's degree,free/reduced,,40,58,54,0
id-608,female,group E,some college,standard,,61,64,62,0
id-609,female,group B,associate's degree,standard,,58,63,65,0
id-610,male,group D,some college,free/reduced,completed,69,60,63,1
id-611,female,group C,some college,standard,,58,59,66,1
id-612,male,group C,bachelor's degree,standard,completed,94,90,91,1
id-613,female,group C,associate's degree,standard,,65,77,74,1
id-614,female,group A,associate's degree,standard,,82,93,93,0
id-615,female,group C,high school,standard,,60,68,72,0
id-616,female,group E,bachelor's degree,standard,,37,45,38,1
id-617,male,group D,bachelor's degree,standard,,88,78,83,1
id-618,male,group D,master's degree,standard,,95,81,84,1
id-619,male,group C,associate's degree,free/reduced,completed,65,73,68,1
id-620,female,group C,high school,free/reduced,,35,61,54,1
id-621,male,group B,bachelor's degree,free/reduced,,62,63,56,1
id-622,male,group C,high school,free/reduced,completed,58,51,52,1
id-623,male,group A,some college,standard,completed,100,96,86,1
id-624,female,group E,bachelor's degree,free/reduced,,61,58,62,1
id-625,male,group D,some college,standard,completed,100,97,99,1
id-626,male,group B,associate's degree,free/reduced,completed,69,70,63,1
id-627,male,group D,associate's degree,standard,,61,48,46,1
id-628,male,group D,some college,free/reduced,,49,57,46,1
id-629,female,group C,some high school,standard,completed,44,51,55,1
id-630,male,group D,some college,standard,,67,64,70,1
id-631,male,group B,high school,standard,,79,60,65,0
id-632,female,group B,bachelor's degree,standard,completed,66,74,81,1
id-633,female,group C,high school,standard,,75,88,85,1
id-634,male,group D,some high school,standard,,84,84,80,0
id-635,male,group A,high school,standard,,71,74,64,1
id-636,female,group B,high school,free/reduced,completed,67,80,81,1
id-637,female,group D,some high school,standard,completed,80,92,88,1
id-638,male,group E,some college,standard,,86,76,74,1
id-639,female,group D,associate's degree,standard,,76,74,73,0
id-640,male,group D,high school,standard,,41,52,51,1
id-641,female,group D,associate's degree,free/reduced,completed,74,88,90,1
id-642,female,group B,some high school,free/reduced,,72,81,79,1
id-643,female,group E,high school,standard,completed,74,79,80,0
id-644,male,group B,high school,standard,,70,65,60,0
id-645,female,group B,bachelor's degree,standard,completed,65,81,81,1
id-646,female,group D,associate's degree,standard,,59,70,65,0
id-647,female,group E,high school,free/reduced,,64,62,68,0
id-648,female,group B,high school,standard,,50,53,55,0
id-649,female,group D,some college,standard,completed,69,79,81,0
id-650,male,group C,some high school,free/reduced,completed,51,56,53,1
id-651,female,group A,high school,standard,completed,68,80,76,0
id-652,female,group D,some college,standard,completed,85,86,98,1
id-653,female,group A,associate's degree,standard,completed,65,70,74,1
id-654,female,group B,some high school,standard,,73,79,79,1
id-655,female,group B,some college,standard,,62,67,67,0
id-656,male,group C,associate's degree,free/reduced,,77,67,64,1
id-657,male,group D,some high school,standard,,69,66,61,0
id-658,female,group D,associate's degree,free/reduced,,43,60,58,0
id-659,male,group D,associate's degree,standard,,90,87,85,0
id-660,male,group C,some college,free/reduced,,74,77,73,0
id-661,male,group C,some high school,standard,,73,66,63,1
id-662,female,group D,some college,free/reduced,,55,71,69,0
id-663,female,group C,high school,standard,,65,69,67,1
id-664,male,group D,associate's degree,standard,,80,63,63,0
id-665,female,group C,some high school,free/reduced,completed,50,60,60,0
id-666,female,group C,some college,free/reduced,completed,63,73,71,1
id-667,female,group B,bachelor's degree,free/reduced,,77,85,87,0
id-668,male,group C,some college,standard,,73,74,61,0
id-669,male,group D,associate's degree,standard,completed,81,72,77,0
id-670,female,group C,high school,free/reduced,,66,76,68,0
id-671,male,group D,associate's degree,free/reduced,,52,57,50,1
id-672,female,group C,some college,standard,,69,78,76,1
id-673,female,group C,associate's degree,standard,completed,65,84,84,0
id-674,female,group D,high school,standard,completed,69,77,78,0
id-675,female,group B,some college,standard,completed,50,64,66,1
id-676,female,group E,some college,standard,completed,73,78,76,1
id-677,female,group C,some high school,standard,completed,70,82,76,0
id-678,male,group D,associate's degree,free/reduced,,81,75,78,1
id-679,male,group D,some college,free/reduced,,63,61,60,1
id-680,female,group D,high school,standard,,67,72,74,0
id-681,male,group B,high school,standard,,60,68,60,1
id-682,male,group B,high school,standard,,62,55,54,1
id-683,female,group C,some high school,free/reduced,completed,29,40,44,1
id-684,male,group B,some college,standard,completed,62,66,68,1
id-685,female,group E,master's degree,standard,completed,94,99,100,1
id-686,male,group E,some college,standard,completed,85,75,68,0
id-687,male,group D,associate's degree,free/reduced,,77,78,73,1
id-688,male,group A,high school,free/reduced,,53,58,44,1
id-689,male,group E,some college,free/reduced,,93,90,83,0
id-690,female,group C,associate's degree,standard,,49,53,53,1
id-691,female,group E,associate's degree,free/reduced,,73,76,78,1
id-692,female,group C,bachelor's degree,free/reduced,completed,66,74,81,0
id-693,female,group D,associate's degree,standard,,77,77,73,0
id-694,female,group C,some high school,standard,,49,63,56,1
id-695,female,group D,some college,free/reduced,,79,89,86,0
id-696,female,group C,associate's degree,standard,completed,75,82,90,1
id-697,female,group A,bachelor's degree,standard,,59,72,70,1
id-698,female,group D,associate's degree,standard,completed,57,78,79,1
id-699,male,group C,high school,free/reduced,,66,66,59,1
id-700,female,group E,bachelor's degree,standard,completed,79,81,82,0
id-701,female,group B,some high school,standard,,57,67,72,1
id-702,male,group A,bachelor's degree,standard,completed,87,84,87,1
id-703,female,group D,some college,standard,,63,64,67,1
id-704,female,group B,some high school,free/reduced,completed,59,63,64,1
id-705,male,group A,bachelor's degree,free/reduced,,62,72,65,1
id-706,male,group D,high school,standard,,46,34,36,0
id-707,male,group C,some college,standard,,66,59,52,0
id-708,male,group D,high school,standard,,89,87,79,1
id-709,female,group D,associate's degree,free/reduced,completed,42,61,58,1
id-710,male,group C,some college,standard,completed,93,84,90,0
id-711,female,group E,some high school,standard,completed,80,85,85,1
id-712,female,group D,some college,standard,,98,100,99,1
id-713,male,group D,master's degree,standard,,81,81,84,1
id-714,female,group B,some high school,standard,completed,60,70,74,1
id-715,female,group B,associate's degree,free/reduced,completed,76,94,87,1
id-716,male,group C,associate's degree,standard,completed,73,78,72,1
id-717,female,group C,associate's degree,standard,completed,96,96,99,1
id-718,female,group C,high school,standard,,76,76,74,1
id-719,male,group E,associate's degree,free/reduced,completed,91,73,80,1
id-720,female,group C,some college,free/reduced,,62,72,70,1
id-721,male,group D,some high school,free/reduced,completed,55,59,59,1
id-722,female,group B,some high school,free/reduced,completed,74,90,88,1
id-723,male,group C,high school,standard,,50,48,42,1
id-724,male,group B,some college,standard,,47,43,41,0
id-725,male,group E,some college,standard,completed,81,74,71,1
id-726,female,group E,associate's degree,standard,completed,65,75,77,0
id-727,male,group E,some high school,standard,completed,68,51,57,1
id-728,female,group D,high school,free/reduced,,73,92,84,1
id-729,male,group C,some college,standard,,53,39,37,1
id-730,female,group B,associate's degree,free/reduced,completed,68,77,80,1
id-731,male,group A,some high school,free/reduced,,55,46,43,1
id-732,female,group C,some college,standard,completed,87,89,94,1
id-733,male,group D,some high school,standard,,55,47,44,1
id-734,female,group E,some college,free/reduced,,53,58,57,1
id-735,male,group C,master's degree,standard,,67,57,59,0
id-736,male,group C,associate's degree,standard,,92,79,84,0
id-737,female,group B,some college,free/reduced,completed,53,66,73,0
id-738,male,group D,associate's degree,standard,,81,71,73,0
id-739,male,group C,high school,free/reduced,,61,60,55,1
id-740,male,group D,bachelor's degree,standard,,80,73,72,1
id-741,female,group A,associate's degree,free/reduced,,37,57,56,1
id-742,female,group C,high school,standard,,81,84,82,1
id-743,female,group C,associate's degree,standard,completed,59,73,72,0
id-744,male,group B,some college,free/reduced,,55,55,47,0
id-745,male,group D,associate's degree,standard,,72,79,74,1
id-746,male,group D,high school,standard,,69,75,71,1
id-747,male,group C,some college,standard,,69,64,68,0
id-748,female,group C,bachelor's degree,free/reduced,,50,60,59,0
id-749,male,group B,some college,standard,completed,87,84,86,0
id-750,male,group D,some high school,standard,completed,71,69,68,1
id-751,male,group E,some college,standard,,68,72,65,1
id-752,male,group C,master's degree,free/reduced,completed,79,77,75,0
id-753,female,group C,some high school,standard,completed,77,90,85,1
id-754,male,group C,associate's degree,free/reduced,,58,55,53,0
id-755,female,group E,associate's degree,standard,,84,95,92,0
id-756,male,group D,some college,standard,,55,58,52,1
id-757,male,group E,bachelor's degree,free/reduced,completed,70,68,72,1
id-758,female,group D,some college,free/reduced,completed,52,59,65,1
id-759,male,group B,some college,standard,completed,69,77,77,1
id-760,female,group C,high school,free/reduced,,53,72,64,1
id-761,female,group D,some high school,standard,,48,58,54,1
id-762,male,group D,some high school,standard,completed,78,81,86,1
id-763,female,group B,high school,standard,,62,62,63,1
id-764,male,group D,some college,standard,,60,63,59,1
id-765,female,group B,high school,standard,,74,72,72,1
id-766,female,group C,high school,standard,completed,58,75,77,0
id-767,male,group B,high school,standard,completed,76,62,60,1
id-768,female,group D,some high school,standard,,68,71,75,1
id-769,male,group A,some college,free/reduced,,58,60,57,1
id-770,male,group B,high school,standard,,52,48,49,1
id-771,male,group D,bachelor's degree,standard,,75,73,74,1
id-772,female,group B,some high school,free/reduced,completed,52,67,72,1
id-773,female,group C,bachelor's degree,free/reduced,,62,78,79,1
id-774,male,group B,some college,standard,,66,65,60,1
id-775,female,group B,some high school,free/reduced,,49,58,55,1
id-776,female,group B,high school,standard,,66,72,70,1
id-777,female,group C,some college,free/reduced,,35,44,43,0
id-778,female,group A,some college,standard,completed,72,79,82,1
id-779,male,group E,associate's degree,standard,completed,94,85,82,1
id-780,female,group D,associate's degree,free/reduced,,46,56,57,1
id-781,female,group B,master's degree,standard,,77,90,84,1
id-782,female,group B,high school,free/reduced,completed,76,85,82,0
id-783,female,group C,associate's degree,standard,completed,52,59,62,0
id-784,male,group C,bachelor's degree,standard,completed,91,81,79,1
id-785,female,group B,some high school,standard,completed,32,51,44,0
id-786,female,group E,some high school,free/reduced,,72,79,77,1
id-787,female,group B,some college,standard,,19,38,32,1
id-788,male,group C,associate's degree,free/reduced,,68,65,61,1
id-789,female,group C,master's degree,free/reduced,,52,65,61,0
id-790,female,group B,high school,standard,,48,62,60,1
id-791,female,group D,some college,free/reduced,,60,66,70,0
id-792,male,group D,high school,free/reduced,,66,74,69,0
id-793,male,group E,some high school,standard,completed,89,84,77,1
id-794,female,group B,high school,standard,,42,52,51,1
id-795,female,group E,associate's degree,free/reduced,completed,57,68,73,1
id-796,male,group D,high school,standard,,70,70,70,1
id-797,female,group E,associate's degree,free/reduced,,70,84,81,1
id-798,male,group E,some college,standard,,69,60,54,1
id-799,female,group C,associate's degree,standard,,52,55,57,1
id-800,male,group C,some high school,standard,completed,67,73,68,1
id-801,male,group C,some high school,standard,completed,76,80,73,0
id-802,female,group E,associate's degree,standard,,87,94,95,1
id-803,female,group B,some college,standard,,82,85,87,0
id-804,female,group C,some college,standard,,73,76,78,1
id-805,male,group A,some college,free/reduced,,75,81,74,1
id-806,female,group D,some college,free/reduced,,64,74,75,0
id-807,female,group E,high school,free/reduced,,41,45,40,1
id-808,male,group C,high school,standard,,90,75,69,1
id-809,male,group B,bachelor's degree,standard,,59,54,51,1
id-810,male,group A,some high school,standard,,51,31,36,0
id-811,male,group A,high school,free/reduced,,45,47,49,1
id-812,female,group C,master's degree,standard,completed,54,64,67,1
id-813,male,group E,some high school,standard,completed,87,84,76,1
id-814,female,group C,high school,standard,,72,80,83,1
id-815,male,group B,some high school,standard,completed,94,86,87,1
id-816,female,group A,bachelor's degree,standard,,45,59,64,1
id-817,male,group D,bachelor's degree,free/reduced,completed,61,70,76,1
id-818,female,group B,high school,free/reduced,,60,72,68,1
id-819,female,group C,some high school,standard,,77,91,88,1
id-820,female,group A,some high school,standard,completed,85,90,92,1
id-821,female,group D,bachelor's degree,free/reduced,,78,90,93,1
id-822,male,group E,some college,free/reduced,completed,49,52,51,1
id-823,female,group B,high school,free/reduced,,71,87,82,1
id-824,female,group C,some high school,free/reduced,,48,58,52,1
id-825,male,group C,high school,standard,,62,67,58,0
id-826,female,group C,associate's degree,free/reduced,completed,56,68,70,1
id-827,female,group C,some high school,standard,,65,69,76,0
id-828,female,group D,some high school,free/reduced,completed,69,86,81,1
id-829,male,group B,some high school,standard,,68,54,53,0
id-830,female,group A,some college,free/reduced,,61,60,57,0
id-831,female,group C,bachelor's degree,free/reduced,completed,74,86,89,0
id-832,male,group A,bachelor's degree,standard,,64,60,58,0
id-833,female,group B,high school,standard,completed,77,82,89,1
id-834,male,group B,some college,standard,,58,50,45,1
id-835,female,group C,high school,standard,completed,60,64,74,0
id-836,male,group E,high school,standard,,73,64,57,0
id-837,female,group A,high school,standard,completed,75,82,79,0
id-838,male,group B,associate's degree,free/reduced,completed,58,57,53,0
id-839,female,group C,associate's degree,standard,,66,77,73,0
id-840,female,group D,high school,free/reduced,,39,52,46,0
id-841,male,group C,some high school,standard,,64,58,51,1
id-842,female,group B,high school,free/reduced,completed,23,44,36,1
id-843,male,group B,some college,free/reduced,completed,74,77,76,1
id-844,female,group D,some high school,free/reduced,completed,40,65,64,1
id-845,male,group E,master's degree,standard,,90,85,84,1
id-846,male,group C,master's degree,standard,completed,91,85,85,1
id-847,male,group D,high school,standard,,64,54,50,1
id-848,female,group C,high school,standard,,59,72,68,1
id-849,male,group D,associate's degree,standard,,80,75,69,1
id-850,male,group C,master's degree,standard,,71,67,67,1
id-851,female,group A,high school,standard,,61,68,63,0
id-852,female,group E,some college,standard,,87,85,93,1
id-853,male,group E,some high school,standard,,82,67,61,1
id-854,male,group C,some high school,standard,,62,64,55,1
id-855,female,group B,bachelor's degree,standard,,97,97,96,1
id-856,male,group B,some college,free/reduced,,75,68,65,1
id-857,female,group C,bachelor's degree,standard,,65,79,81,1
id-858,male,group B,high school,standard,completed,52,49,46,0
id-859,male,group C,associate's degree,free/reduced,,87,73,72,0
id-860,female,group C,associate's degree,standard,,53,62,53,1
id-861,female,group E,master's degree,free/reduced,,81,86,87,0
id-862,male,group D,bachelor's degree,free/reduced,completed,39,42,38,0
id-863,female,group C,some college,standard,completed,71,71,80,1
id-864,male,group C,associate's degree,standard,,97,93,91,0
id-865,male,group D,some college,standard,completed,82,82,88,1
id-866,male,group C,high school,free/reduced,,59,53,52,1
id-867,male,group B,associate's degree,standard,,61,42,41,0
id-868,male,group E,associate's degree,free/reduced,completed,78,74,72,0
id-869,male,group C,associate's degree,free/reduced,,49,51,51,1
id-870,male,group B,high school,standard,,59,58,47,0
id-871,female,group C,some college,standard,completed,70,72,76,1
id-872,male,group B,associate's degree,standard,completed,82,84,78,1
id-873,male,group E,associate's degree,free/reduced,,90,90,82,1
id-874,female,group C,bachelor's degree,free/reduced,,43,62,61,1
id-875,male,group C,some college,free/reduced,,80,64,66,1
id-876,male,group D,some college,standard,,81,82,84,1
id-877,male,group C,some high school,standard,,57,61,54,1
id-878,female,group D,some high school,standard,,59,72,80,1
id-879,female,group D,associate's degree,standard,,64,76,74,0
id-880,male,group C,bachelor's degree,standard,completed,63,64,66,1
id-881,female,group E,bachelor's degree,standard,completed,71,70,70,0
id-882,female,group B,high school,free/reduced,,64,73,71,0
id-883,male,group D,bachelor's degree,free/reduced,,55,46,44,0
id-884,female,group E,associate's degree,standard,,51,51,54,0
id-885,female,group C,associate's degree,standard,completed,62,76,80,0
id-886,female,group E,associate's degree,standard,completed,93,100,95,0
id-887,male,group C,high school,free/reduced,,54,72,59,1
id-888,female,group D,some college,free/reduced,,69,65,74,1
id-889,male,group D,high school,free/reduced,,44,51,48,1
id-890,female,group E,some college,standard,completed,86,85,91,1
id-891,female,group E,associate's degree,standard,,85,92,85,1
id-892,female,group A,master's degree,free/reduced,,50,67,73,1
id-893,male,group D,some high school,standard,completed,88,74,75,1
id-894,female,group E,associate's degree,standard,,59,62,69,1
id-895,female,group E,some high school,free/reduced,,32,34,38,1
id-896,male,group B,high school,free/reduced,,36,29,27,1
id-897,female,group B,some high school,free/reduced,completed,63,78,79,1
id-898,male,group D,associate's degree,standard,completed,67,54,63,1
id-899,female,group D,some high school,standard,completed,65,78,82,1
id-900,male,group D,master's degree,standard,,85,84,89,1
id-901,female,group C,master's degree,standard,,73,78,74,1
id-902,female,group A,high school,free/reduced,completed,34,48,41,1
id-903,female,group D,bachelor's degree,free/reduced,completed,93,100,100,1
id-904,female,group D,some high school,free/reduced,,67,84,84,0
id-905,male,group D,some college,standard,,88,77,77,1
id-906,male,group B,high school,standard,,57,48,51,0
id-907,female,group D,some college,standard,completed,79,84,91,1
id-908,female,group C,bachelor's degree,free/reduced,,67,75,72,1
id-909,male,group E,bachelor's degree,standard,completed,70,64,70,1
id-910,male,group D,bachelor's degree,free/reduced,,50,42,48,1
id-911,female,group A,some college,standard,,69,84,82,0
id-912,female,group C,bachelor's degree,standard,completed,52,61,66,1
id-913,female,group C,bachelor's degree,free/reduced,completed,47,62,66,1
id-914,female,group B,associate's degree,free/reduced,,46,61,55,0
id-915,female,group E,some college,standard,,68,70,66,0
id-916,male,group E,bachelor's degree,standard,completed,100,100,100,1
id-917,female,group C,high school,standard,,44,61,52,0
id-918,female,group C,associate's degree,standard,completed,57,77,80,1
id-919,male,group B,some college,standard,completed,91,96,91,1
id-920,male,group D,high school,free/reduced,,69,70,67,0
id-921,female,group C,high school,free/reduced,,35,53,46,1
id-922,male,group D,high school,standard,,72,66,66,0
id-923,female,group B,associate's degree,free/reduced,,54,65,65,1
id-924,male,group D,high school,free/reduced,,74,70,69,0
id-925,male,group E,some high school,standard,completed,74,64,60,1
id-926,male,group E,associate's degree,free/reduced,,64,56,52,1
id-927,female,group D,high school,free/reduced,completed,65,61,71,1
id-928,male,group E,associate's degree,free/reduced,completed,46,43,44,1
id-929,female,group C,some high school,free/reduced,,48,56,51,1
id-930,male,group C,some college,free/reduced,completed,67,74,70,1
id-931,male,group D,some college,free/reduced,,62,57,62,1
id-932,male,group D,associate's degree,free/reduced,completed,61,71,73,1
id-933,male,group C,bachelor's degree,free/reduced,completed,70,75,74,1
id-934,male,group C,associate's degree,standard,completed,98,87,90,1
id-935,male,group D,some college,free/reduced,,70,63,58,1
id-936,male,group A,associate's degree,standard,,67,57,53,1
id-937,female,group E,high school,free/reduced,,57,58,57,1
id-938,male,group D,some college,standard,completed,85,81,85,1
id-939,male,group D,some high school,standard,completed,77,68,69,1
id-940,male,group C,master's degree,free/reduced,completed,72,66,72,0
id-941,female,group D,master's degree,standard,,78,91,96,1
id-942,male,group C,high school,standard,,81,66,64,1
id-943,male,group A,some high school,free/reduced,completed,61,62,61,1
id-944,female,group B,high school,standard,,58,68,61,0
id-945,female,group C,associate's degree,standard,,54,61,58,1
id-946,male,group B,high school,standard,,82,82,80,0
id-947,female,group D,some college,free/reduced,,49,58,60,0
id-948,male,group B,some high school,free/reduced,completed,49,50,52,1
id-949,female,group E,high school,free/reduced,completed,57,75,73,1
id-950,male,group E,high school,standard,,94,73,71,1
id-951,female,group D,some college,standard,completed,75,77,83,1
id-952,female,group E,some high school,free/reduced,,74,74,72,1
id-953,male,group C,high school,standard,completed,58,52,54,1
id-954,female,group C,some college,standard,,62,69,69,0
id-955,male,group E,associate's degree,standard,,72,57,62,0
id-956,male,group C,some college,standard,,84,87,81,0
id-957,female,group D,master's degree,standard,,92,100,100,1
id-958,female,group D,high school,standard,,45,63,59,1
id-959,male,group C,high school,standard,,75,81,71,1
id-960,female,group A,some college,standard,,56,58,64,1
id-961,female,group D,some high school,free/reduced,,48,54,53,1
id-962,female,group E,associate's degree,standard,,100,100,100,1
id-963,female,group C,some high school,free/reduced,completed,65,76,75,1
id-964,male,group D,some college,standard,,72,57,58,1
id-965,female,group D,some college,standard,,62,70,72,1
id-966,male,group A,some high school,standard,completed,66,68,64,1
id-967,male,group C,some college,standard,,63,63,60,1
id-968,female,group E,associate's degree,standard,,68,76,67,0
id-969,female,group B,bachelor's degree,standard,,75,84,80,1
id-970,female,group D,bachelor's degree,standard,,89,100,100,1
id-971,male,group C,some high school,standard,completed,78,72,69,1
id-972,female,group A,high school,free/reduced,completed,53,50,60,1
id-973,female,group D,some college,free/reduced,,49,65,61,0
id-974,female,group A,some college,standard,,54,63,67,0
id-975,female,group C,some college,standard,completed,64,82,77,1
id-976,male,group B,some college,free/reduced,completed,60,62,60,1
id-977,male,group C,associate's degree,standard,,62,65,58,1
id-978,male,group D,high school,standard,completed,55,41,48,1
id-979,female,group C,associate's degree,standard,,91,95,94,1
id-980,female,group B,high school,free/reduced,,8,24,23,0
id-981,male,group D,some high school,standard,,81,78,78,1
id-982,male,group B,some high school,standard,completed,79,85,86,1
id-983,female,group A,some college,standard,completed,78,87,91,0
id-984,female,group C,some high school,standard,,74,75,82,0
id-985,male,group A,high school,standard,,57,51,54,1
id-986,female,group C,associate's degree,standard,,40,59,51,1
id-987,male,group E,some high school,standard,completed,81,75,76,1
id-988,female,group A,some high school,free/reduced,,44,45,45,1
id-989,female,group D,some college,free/reduced,completed,67,86,83,0
id-990,male,group E,high school,free/reduced,completed,86,81,75,0
id-991,female,group B,some high school,standard,completed,65,82,78,1
id-992,female,group D,associate's degree,free/reduced,,55,76,76,1
id-993,female,group D,bachelor's degree,free/reduced,,62,72,74,1
id-994,male,group A,high school,standard,,63,63,62,1
id-995,female,group E,master's degree,standard,completed,88,99,95,0
id-996,male,group C,high school,free/reduced,,62,55,55,1
id-997,female,group C,high school,free/reduced,completed,59,71,65,1
id-998,female,group D,some college,standard,completed,68,78,77,0
id-999,female,group D,some college,free/reduced,,77,86,86,0
